{"cameraMode":{"drawMode":0,"name":"Shaded","section":"Shading Mode"},"sceneLighting":true,"audioPlay":false,"sceneViewState":{"showFog":true,"showMaterialUpdate":false,"showSkybox":true,"showFlares":true,"showImageEffects":true,"showParticleSystems":true},"in2DMode":false,"pivot":{"x":205.62237548828126,"y":18.500350952148439,"z":56.99713134765625},"rotation":{"x":-0.085564024746418,"y":0.9144423007965088,"z":-0.2813670039176941,"w":-0.27806973457336428},"size":1.4959806203842164,"orthographic":true}