{"cameraMode":{"drawMode":0,"name":"Shaded","section":"Shading Mode"},"sceneLighting":false,"audioPlay":false,"sceneViewState":{"showFog":true,"showMaterialUpdate":false,"showSkybox":false,"showFlares":true,"showImageEffects":true,"showParticleSystems":true},"in2DMode":false,"pivot":{"x":205.42550659179688,"y":16.072311401367189,"z":60.3858528137207},"rotation":{"x":0.035799290984869,"y":-0.9585750102996826,"z":0.24559767544269563,"w":0.13990622758865357},"size":0.1428847461938858,"orthographic":true}