{"cameraMode":{"drawMode":0,"name":"Shaded","section":"Shading Mode"},"sceneLighting":false,"audioPlay":false,"sceneViewState":{"showFog":true,"showMaterialUpdate":false,"showSkybox":false,"showFlares":true,"showImageEffects":true,"showParticleSystems":true},"in2DMode":false,"pivot":{"x":-3.156221389770508,"y":0.0,"z":1.9308736324310303},"rotation":{"x":-0.014524762518703938,"y":-0.6682618856430054,"z":0.0130086624994874,"w":-0.7437174320220947},"size":40.010372161865237,"orthographic":true}